Gene,Original_Amino_Acid,Position,New_Amino_Acid
ADCY9,K,699,E
AGRN,R,622,L
AHNAK,I,2702,V
AKT2,P,370,Q
ANXA4,T,9,I
ARG1,S,109,P
ATP8B1,Q,772,R
AXIN2,G,768,C
AXL,E,90,D
BAZ2A,R,1642,L
BRDT,V,116,F
CCP110,S,287,P
CDK5RAP2,L,113,L
CENPJ,E,1066,*
CHUK,H,88,N
ECH1,S,62,S
EIF4H,S,69,I
ERP29,G,213,G
GDE1,G,36,S
GPI,K,73,R
HELZ2,T,548,T
KATNA1,L,292,P
LY75,E,451,V
MAN1A1,G,455,R
NCAM1,K,544,N
NOTCH2,N,307,N
NXF1,P,74,H
PDGFB,Q,205,*
RAD51,I,33,M
RGS11,A,223,S
RPS3,Q,4,R
SELL,G,310,V
SFRP4,F,75,L
SNRPB,P,202,Q
SYCP1,Y,110,C
THBS1,Y,325,F
TLR8,T,90,S
TYK2,Q,246,R
UBE2J1,G,123,R
UBE2N,S,113,T
USO1,S,272,S
