,2962
ID,TRAIN_2962
SUBCLASS,BLCA
A2M,V978V
AAAS,WT
AADAT,WT
AARS1,WT
ABAT,WT
ABCA1,WT
ABCA2,WT
ABCA3,WT
ABCA4,WT
ABCA5,WT
ABCA6,WT
ABCA8,WT
ABCA9,WT
ABCB1,WT
ABCB11,WT
ABCB4,WT
ABCB6,WT
ABCB7,WT
ABCB8,WT
ABCB9,WT
ABCC1,WT
ABCC2,WT
ABCC3,WT
ABCC4,E424K
ABCC5,WT
ABCC8,A948fs
ABCD1,WT
ABCD2,WT
ABCD3,WT
ABCE1,WT
ABCF2,WT
ABCG2,WT
ABCG4,WT
ABCG8,WT
ABHD2,WT
ABHD4,WT
ABHD6,WT
ABI1,WT
ABI3BP,WT
ABL1,WT
ABLIM1,E343V
ABR,WT
ACAA1,WT
ACAA2,WT
ACACA,WT
ACADL,WT
ACADM,WT
ACADS,WT
ACADSB,WT
ACADVL,WT
ACAT1,WT
ACAT2,WT
ACE,WT
ACHE,WT
ACKR1,WT
ACKR3,WT
ACLY,WT
ACO2,WT
ACOT2,E263Q
ACOT8,WT
ACOX1,WT
ACOX2,WT
ACOX3,WT
ACP1,WT
ACP2,WT
ACP5,WT
ACRBP,WT
ACRV1,WT
ACSL1,WT
ACSL3,WT
ACSL4,WT
ACSL5,WT
ACSL6,WT
ACSM1,WT
ACSM3,WT
ACSS1,WT
ACSS2,WT
ACTA1,WT
ACTA2,WT
ACTB,WT
ACTC1,WT
ACTG1,WT
ACTG2,WT
ACTL7B,WT
ACTN1,WT
ACTN2,WT
ACTN3,WT
ACTN4,WT
ACTR2,WT
ACTR3,WT
ACVR1,WT
ACVR1B,WT
ACVR2A,WT
ACVRL1,WT
ADA,WT
ADAD1,WT
ADAM10,WT
ADAM12,WT
ADAM15,WT
ADAM17,WT
ADAM19,WT
ADAM2,WT
ADAM23,WT
ADAM8,WT
ADAM9,WT
ADAMDEC1,WT
ADAMTS1,WT
ADAMTS5,WT
ADAR,WT
ADCY1,WT
ADCY2,WT
ADCY6,WT
ADCY9,WT
ADCYAP1,WT
ADD1,WT
ADD2,WT
ADD3,WT
ADGRA2,WT
ADGRE1,WT
ADGRG1,WT
ADGRL2,WT
ADGRL4,WT
ADH1C,WT
ADH4,WT
ADH5,WT
ADH7,WT
ADIG,WT
ADIPOQ,WT
ADIPOR1,WT
ADIPOR2,WT
ADM,WT
ADORA2B,WT
ADRA1B,WT
ADRA2B,WT
ADRA2C,WT
ADRM1,WT
ADSL,WT
AEBP1,WT
AEN,WT
AFAP1L2,WT
AFF1,WT
AFG3L2,WT
AGER,WT
AGFG1,WT
AGGF1,WT
AGL,WT
AGO2,WT
AGO4,WT
AGPAT3,WT
AGPAT4,WT
AGR2,WT
AGRN,WT
AGXT,WT
AHCY,WT
AHNAK,WT
AHR,WT
AHSP,WT
AIFM1,WT
AIFM3,WT
AIMP2,WT
AK1,WT
AK2,WT
AK3,WT
AK4,WT
AKAP1,WT
AKAP10,WT
AKAP12,WT
AKAP13,WT
AKAP4,WT
AKAP7,WT
AKR1A1,WT
AKR1B10,WT
AKR1C2,WT
AKR1C3,WT
AKR1D1,WT
AKT1,WT
AKT1S1,WT
AKT2,WT
AKT3,WT
ALAD,WT
ALAS1,WT
ALAS2,WT
ALB,WT
ALCAM,WT
ALDH18A1,WT
ALDH1A1,WT
ALDH1A2,WT
ALDH1A3,WT
ALDH1L1,WT
ALDH2,WT
ALDH3A1,WT
ALDH3A2,WT
ALDH3B1,WT
ALDH6A1,WT
ALDH7A1,WT
ALDH8A1,WT
ALDH9A1,WT
ALDOA,WT
ALDOB,WT
ALDOC,WT
ALG1,WT
ALMS1,WT
ALOX12B,WT
ALOX15,WT
ALOX15B,WT
ALS2,WT
ALYREF,WT
AMACR,WT
AMBN,WT
AMD1,WT
AMFR,WT
AMH,WT
AMIGO1,WT
AMIGO2,WT
AMMECR1,WT
AMOT,WT
AMPD3,WT
AMPH,WT
ANG,WT
ANGPT1,WT
ANGPTL3,WT
ANGPTL4,WT
ANK1,WT
ANKH,WT
ANKRA2,WT
ANKRD2,WT
ANKZF1,WT
ANLN,WT
ANO1,WT
ANP32E,WT
ANPEP,WT
ANTXR2,WT
ANXA1,WT
ANXA10,WT
ANXA13,WT
ANXA2,WT
ANXA4,WT
ANXA5,WT
ANXA9,WT
AOC3,WT
AOX1,WT
AP1G1,WT
AP2B1,WT
AP2M1,WT
AP2S1,WT
AP3B1,WT
AP3S1,WT
AP4B1,WT
APAF1,WT
APBB1,WT
APBB2,WT
APC,WT
APEX1,WT
APH1A,WT
APLNR,WT
APLP1,WT
APLP2,WT
APOA1,WT
APOA4,WT
APOBEC3F,WT
APOBEC3G,WT
APOC1,WT
APOC2,WT
APOC3,WT
APOD,WT
APOE,WT
APOH,WT
APOL6,WT
APOM,WT
APP,WT
APPBP2,WT
APRT,WT
AQP3,WT
AQP7,WT
AQP9,WT
AR,WT
ARAF,WT
ARAP3,WT
ARCN1,WT
AREG,WT
ARF1,WT
ARF4,WT
ARF6,WT
ARFGAP1,WT
ARFGAP3,WT
ARFGEF1,WT
ARFGEF2,WT
ARFIP1,WT
ARFIP2,WT
ARG1,WT
ARG2,WT
ARHGAP10,WT
ARHGAP27,WT
ARHGAP29,WT
ARHGAP4,WT
ARHGAP5,WT
ARHGDIA,WT
ARHGDIG,WT
ARHGEF11,WT
ARHGEF12,WT
ARHGEF2,WT
ARHGEF3,WT
ARHGEF6,WT
ARHGEF7,WT
ARHGEF9,WT
ARID4A,WT
ARID4B,WT
ARID5B,WT
ARL2BP,WT
ARL3,WT
ARL4A,WT
ARL6IP1,WT
ARL8A,WT
ARPC2,WT
ARPC3,WT
ARPC5L,WT
ARPP19,WT
ARPP21,WT
ARRB1,WT
ARRB2,WT
ART3,WT
ARTN,WT
ASB13,WT
ASB7,WT
ASCL1,WT
ASF1A,WT
ASF1B,WT
ASL,WT
ASNS,WT
ASS1,WT
ATAD2,WT
ATF1,WT
ATF3,WT
ATF4,WT
ATF5,WT
ATF6,WT
ATG10,WT
ATG4A,WT
ATG4B,WT
ATL2,WT
ATOH8,WT
ATOX1,WT
ATP1A1,WT
ATP1A3,WT
ATP1B1,WT
ATP1B3,WT
ATP2A1,WT
ATP2A2,WT
ATP2B1,WT
ATP2B4,WT
ATP2C1,WT
ATP4A,WT
ATP5F1A,WT
ATP5F1B,WT
ATP5F1C,WT
ATP5F1D,WT
ATP5F1E,WT
ATP5MC1,WT
ATP5MC2,WT
ATP5MC3,WT
ATP5ME,WT
ATP5MF,WT
ATP5MG,WT
ATP5PB,WT
ATP5PD,WT
ATP5PF,WT
ATP5PO,WT
ATP6AP1,WT
ATP6V0A1,WT
ATP6V0A4,WT
ATP6V0B,WT
ATP6V0C,WT
ATP6V0D1,WT
ATP6V0E1,WT
ATP6V1B1,WT
ATP6V1C1,WT
ATP6V1D,WT
ATP6V1E1,WT
ATP6V1F,WT
ATP6V1G1,WT
ATP6V1H,WT
ATP7A,WT
ATP8B1,WT
ATRN,WT
ATRX,WT
ATXN1,WT
ATXN2,WT
AUH,WT
AURKA,WT
AURKB,WT
AUTS2,WT
AVL9,WT
AVPR1A,WT
AXIN1,WT
AXIN2,WT
AXL,WT
AZGP1,WT
B2M,WT
B3GALT6,WT
B3GAT1,WT
B3GAT3,WT
B3GNT3,WT
B4GALNT2,WT
B4GALT1,WT
B4GALT2,WT
B4GALT4,WT
B4GALT5,WT
B4GALT7,WT
BACH1,WT
BAG1,WT
BAG3,WT
BAIAP2,WT
BAK1,WT
BANF1,WT
BANK1,WT
BARD1,WT
BASP1,WT
BATF,WT
BATF2,WT
BATF3,WT
BAX,WT
BAZ2A,WT
BBOX1,WT
BCAM,WT
BCAN,WT
BCAP31,WT
BCAR1,WT
BCAR3,WT
BCAT1,WT
BCKDHA,WT
BCKDHB,WT
BCL10,WT
BCL11B,WT
BCL2,WT
BCL2A1,WT
BCL2L1,WT
BCL2L10,WT
BCL2L11,WT
BCL2L13,WT
BCL2L2,WT
BCL3,WT
BCL6,WT
BCR,WT
BDH2,WT
BDKRB1,WT
BDKRB2,WT
BDNF,WT
BEST1,WT
BET1,WT
BGN,WT
BHLHE40,WT
BID,WT
BIK,WT
BIN1,WT
BIRC2,WT
BIRC3,WT
BIRC5,WT
BLCAP,WT
BLVRA,WT
BLVRB,WT
BMF,WT
BMP1,WT
BMP2,WT
BMP2K,WT
BMP6,WT
BMPR1A,WT
BMPR1B,WT
BMPR2,WT
BNIP3,WT
BNIP3L,WT
BOLA2,WT
BPGM,WT
BPHL,WT
BPNT1,WT
BRAF,WT
BRCA1,WT
BRCA2,WT
BRDT,WT
BRF2,WT
BRMS1L,WT
BRPF3,WT
BRS3,WT
BSG,WT
BST2,WT
BTBD3,WT
BTC,WT
BTG1,WT
BTG2,WT
BTG3,WT
BTRC,WT
BUB1,WT
BUB1B,WT
BUB3,WT
BYSL,WT
C1QA,WT
C1QBP,WT
C1QC,WT
C1R,WT
C1S,WT
C2,WT
C3,WT
C3AR1,WT
C4BPB,WT
C5,WT
C5AR1,WT
C8A,WT
C8B,WT
C8G,WT
C9,WT
CA1,WT
CA12,WT
CA2,WT
CA4,WT
CA6,WT
CAB39,WT
CAB39L,WT
CACNA1A,WT
CACNA1B,WT
CACNA1F,WT
CACNA1H,WT
CACNA2D2,WT
CACNG1,WT
CACYBP,WT
CAD,WT
CADM1,WT
CADM2,WT
CADM3,WT
CALB2,WT
CALCB,WT
CALCR,WT
CALCRL,WT
CALD1,WT
CALM1,WT
CALM3,WT
CALML5,WT
CALR,WT
CALU,WT
CAMK1D,WT
CAMK2B,WT
CAMK4,WT
CAMKK2,WT
CANT1,WT
CANX,WT
CAP1,WT
CAP2,WT
CAPG,WT
CAPN2,WT
CAPN3,WT
CAPN5,WT
CAPN9,WT
CAPZB,WT
CARTPT,WT
CASP1,WT
CASP10,WT
CASP2,WT
CASP3,WT
CASP4,WT
CASP5,WT
CASP6,WT
CASP7,WT
CASP8,WT
CASP8AP2,WT
CASP9,WT
CASQ1,WT
CASQ2,WT
CAST,L567I
CAT,WT
CAV1,WT
CAV2,WT
CAV3,WT
CAVIN1,WT
CAVIN2,WT
CAVIN3,WT
CBFA2T3,WT
CBL,WT
CBLB,WT
CBR1,WT
CBR3,WT
CBR4,WT
CBS,WT
CBX1,WT
CBX3,WT
CBX5,WT
CBX8,WT
CCDC106,WT
CCDC28A,WT
CCDC88A,WT
CCK,WT
CCL11,WT
CCL13,WT
CCL17,WT
CCL19,WT
CCL2,WT
CCL20,WT
CCL22,WT
CCL24,WT
CCL25,WT
CCL4,WT
CCL5,WT
CCL7,WT
CCN1,WT
CCN2,WT
CCN5,WT
CCNA1,WT
CCNA2,WT
CCNB2,WT
CCND1,WT
CCND2,WT
CCND3,WT
CCNE1,WT
CCNF,WT
CCNG1,WT
CCNG2,WT
CCNK,WT
CCNL1,WT
CCNO,WT
CCNT1,WT
CCP110,WT
CCR1,WT
CCR2,WT
CCR4,WT
CCR5,WT
CCR7,WT
CCR8,WT
CCRL2,WT
CCSER2,WT
CCT2,WT
CCT3,WT
CCT4,WT
CCT5,WT
CCT6A,WT
CCT6B,WT
CCT7,WT
CD14,WT
CD151,WT
CD160,WT
CD1D,WT
CD2,WT
CD207,WT
CD209,WT
CD247,WT
CD274,WT
CD276,WT
CD28,WT
CD2AP,WT
CD302,WT
CD34,WT
CD36,WT
CD37,WT
CD38,WT
CD3D,WT
CD3E,WT
CD3G,WT
CD4,WT
CD40,WT
CD40LG,WT
CD44,WT
CD46,WT
CD47,WT
CD48,WT
CD55,WT
CD59,WT
CD63,WT
CD69,WT
CD7,WT
CD70,WT
CD74,WT
CD79A,WT
CD79B,WT
CD80,WT
CD81,WT
CD82,WT
CD83,WT
CD86,WT
CD8A,WT
CD8B,WT
CD9,WT
CD96,WT
CD99,WT
CDA,WT
CDADC1,WT
CDC14B,WT
CDC20,WT
CDC25A,WT
CDC25B,WT
CDC27,WT
CDC34,WT
CDC42,WT
CDC42BPA,WT
CDC42EP1,WT
CDC42EP2,WT
CDC42EP4,WT
CDC42SE2,WT
CDC45,WT
CDC5L,WT
CDC6,WT
CDC7,E25K
CDCA3,WT
CDCA8,WT
CDCP1,WT
CDH1,WT
CDH11,WT
CDH13,WT
CDH15,WT
CDH16,WT
CDH2,WT
CDH3,WT
CDH4,WT
CDH6,WT
CDH8,WT
CDK1,WT
CDK13,WT
CDK2,WT
CDK4,WT
CDK5R1,WT
CDK5RAP2,WT
CDK6,WT
CDK7,WT
CDK8,WT
CDK9,WT
CDKAL1,WT
CDKN1A,WT
CDKN1B,WT
CDKN1C,WT
CDKN2A,WT
CDKN2AIP,WT
CDKN2B,WT
CDKN2C,WT
CDKN2D,WT
CDKN3,WT
CDO1,WT
CDON,WT
CDR2,WT
CDSN,WT
CEBPA,WT
CEBPB,WT
CEBPD,WT
CEBPG,WT
CEL,WT
CELF2,WT
CELSR1,WT
CELSR2,WT
CENPA,WT
CENPE,WT
CENPF,WT
CENPJ,WT
CENPM,WT
CENPN,WT
CEP131,WT
CEP192,WT
CEP250,WT
CEP57,WT
CEP72,WT
CERCAM,WT
CES1,WT
CETN2,WT
CFB,WT
CFD,WT
CFH,WT
CFHR2,WT
CFI,WT
CFL1,WT
CFLAR,WT
CFP,WT
CFTR,WT
CGRRF1,WT
CH25H,WT
CHAC1,WT
CHAF1A,WT
CHCHD10,WT
CHEK1,WT
CHEK2,WT
CHFR,WT
CHGA,WT
CHKA,WT
CHMP1A,WT
CHPF,WT
CHPF2,WT
CHPT1,WT
CHRM4,WT
CHRNA1,WT
CHRNA5,WT
CHRNB1,WT
CHRNG,WT
CHST1,WT
CHST12,WT
CHST2,WT
CHST3,WT
CHST4,WT
CHST6,WT
CHST8,WT
CHUK,R287T
CIDEA,WT
CIITA,WT
CIR1,WT
CISH,WT
CIT,WT
CITED2,WT
CKAP4,WT
CKAP5,WT
CKB,WT
CKM,WT
CKMT2,WT
CKS1B,WT
CKS2,WT
CLASP1,WT
CLCA2,WT
CLCF1,WT
CLCN2,WT
CLCN3,WT
CLDN11,WT
CLDN14,WT
CLDN15,WT
CLDN16,WT
CLDN18,WT
CLDN19,WT
CLDN3,WT
CLDN4,WT
CLDN5,WT
CLDN6,WT
CLDN7,WT
CLDN8,WT
CLDN9,WT
CLEC4A,WT
CLEC5A,WT
CLGN,WT
CLIC2,WT
CLIC3,WT
CLIP1,WT
CLIP2,WT
CLN5,WT
CLN6,WT
CLN8,WT
CLNS1A,WT
CLP1,WT
CLPB,WT
CLPS,WT
CLSTN3,WT
CLTA,WT
CLTB,WT
CLTC,I866I
CLU,WT
CLVS1,WT
CMBL,WT
CMKLR1,WT
CMPK1,WT
CMPK2,WT
CMTR1,WT
CNBP,WT
CNDP2,WT
CNIH2,WT
CNN2,WT
CNN3,WT
CNOT2,WT
CNOT4,WT
CNOT6,WT
CNOT9,WT
CNP,WT
CNTFR,WT
CNTN1,WT
CNTRL,WT
CNTROB,WT
COCH,WT
COG2,WT
COIL,WT
COL11A1,WT
COL12A1,WT
COL15A1,WT
COL16A1,WT
COL17A1,WT
COL1A1,WT
COL1A2,WT
COL2A1,WT
COL3A1,WT
COL4A1,WT
COL4A2,WT
COL5A1,WT
COL5A2,WT
COL5A3,WT
COL6A1,WT
COL6A2,WT
COL6A3,L17F
COL7A1,D230N
COL8A2,WT
COL9A1,WT
COLGALT1,WT
COMP,WT
COMT,WT
COPA,WT
COPB1,WT
COPB2,WT
COPE,WT
COPS5,WT
COPZ2,WT
COQ3,WT
COQ5,WT
COQ8A,WT
COQ9,WT
CORO1A,A418T
COX10,WT
COX11,WT
COX15,WT
COX17,WT
COX4I1,WT
COX5A,WT
COX5B,WT
COX6A1,WT
COX6A2,WT
COX6B1,WT
COX6C,WT
COX7A1,WT
COX7A2,WT
COX7A2L,WT
COX7B,WT
COX7C,WT
COX8A,WT
CP,WT
CPA2,WT
CPB1,WT
CPB2,WT
CPE,WT
CPEB2,WT
CPEB3,WT
CPM,WT
CPN1,WT
CPOX,WT
CPQ,WT
CPT1A,WT
CPT2,WT
CR1,WT
CR2,WT
CRABP1,WT
CRABP2,WT
CRAT,WT
CRB3,WT
CREBBP,WT
CREG1,WT
CRIP2,WT
CRISP2,WT
CRLF1,WT
CRLF2,WT
CRMP1,WT
CROCC,WT
CROCCP2,WT
CROT,WT
CRP,WT
CRTAM,WT
CRYAB,WT
CRYBG1,WT
CRYZ,WT
CS,WT
CSAD,WT
CSE1L,WT
CSF1,WT
CSF2,WT
CSF2RA,WT
CSF2RB,WT
CSF3,WT
CSF3R,WT
CSK,WT
CSNK1D,WT
CSNK1E,WT
CSNK2A2,WT
CSNK2B,WT
CSRNP2,WT
CSRP1,WT
CSRP2,WT
CSRP3,WT
CST7,WT
CST8,WT
CSTF2,WT
CSTF3,WT
CTBP1,WT
CTCF,WT
CTF1,WT
CTH,WT
CTHRC1,WT
CTLA4,WT
CTNNA1,WT
CTNNB1,WT
CTNND1,WT
CTNS,WT
CTPS1,WT
CTSB,WT
CTSC,WT
CTSD,WT
CTSE,WT
CTSF,WT
CTSH,WT
CTSK,WT
CTSL,WT
CTSO,WT
CTSS,WT
CTSV,WT
CTSZ,WT
CTTN,WT
CUL1,WT
CUL3,WT
CUL4A,WT
CUL5,WT
CX3CL1,WT
CXCL1,WT
CXCL10,WT
CXCL11,WT
CXCL12,WT
CXCL13,WT
CXCL14,WT
CXCL16,WT
CXCL2,WT
CXCL3,WT
CXCL6,WT
CXCL8,WT
CXCL9,WT
CXCR3,WT
CXCR4,WT
CXCR6,WT
CXXC1,WT
CYB5A,WT
CYB5B,WT
CYB5R1,WT
CYB5R3,WT
CYBB,WT
CYC1,WT
CYCS,WT
CYFIP1,WT
CYFIP2,WT
CYLD,WT
CYP11B2,WT
CYP17A1,WT
CYP1A1,WT
CYP1A2,WT
CYP26A1,WT
CYP26B1,E100K
CYP27A1,WT
CYP2C18,WT
CYP2E1,WT
CYP2J2,WT
CYP2S1,WT
CYP39A1,WT
CYP46A1,WT
CYP4A11,WT
CYP4A22,WT
CYP4B1,WT
CYP4F11,WT
CYP4F2,WT
CYP51A1,WT
CYP7A1,WT
CYP7B1,WT
CYP8B1,WT
CYTH2,WT
D2HGDH,WT
DAAM1,WT
DAB2,WT
DAD1,WT
DAP,WT
DAP3,WT
DAPK2,WT
DAPP1,WT
DARS1,WT
DBF4,WT
DBI,WT
DBP,WT
DBT,WT
DCAF10,WT
DCAF11,WT
DCBLD2,WT
DCC,WT
DCK,WT
DCLRE1B,WT
DCN,WT
DCP1A,WT
DCP2,WT
DCPS,WT
DCT,WT
DCTN1,WT
DCTN4,WT
DCTPP1,WT
DCUN1D1,WT
DCX,WT
DCXR,WT
DDAH1,WT
DDAH2,WT
DDB1,WT
DDB2,WT
DDC,WT
DDIT3,WT
DDIT4,WT
DDT,WT
DDX10,WT
DDX18,WT
DDX21,WT
DDX25,WT
DDX39A,WT
DDX4,WT
DDX60,WT
DECR1,WT
DEF6,WT
DEGS1,WT
DEK,WT
DENND2B,WT
DENND5A,WT
DEPDC1,WT
DEPTOR,WT
DES,WT
DFFA,WT
DGAT1,WT
DGCR8,WT
DGKA,WT
DGKG,WT
DGKH,WT
DGUOK,WT
DHCR24,WT
DHCR7,WT
DHFR,WT
DHPS,WT
DHRS1,WT
DHRS2,WT
DHRS3,WT
DHRS7,WT
DHRS7B,WT
DHX15,WT
DHX16,WT
DHX58,WT
DIABLO,WT
DIAPH3,WT
DIO1,WT
DIO2,WT
DKC1,WT
DKK1,WT
DKK4,WT
DLAT,WT
DLC1,WT
DLD,WT
DLG1,WT
DLG4,WT
DLG5,WT
DLGAP5,WT
DLK2,WT
DLL1,WT
DLST,WT
DMAC2L,WT
DMC1,WT
DMD,WT
DMP1,WT
DMPK,WT
DMRT1,WT
DMTN,WT
DNAJA1,WT
DNAJA4,WT
DNAJB1,WT
DNAJB4,WT
DNAJB8,WT
DNAJB9,WT
DNAJC1,WT
DNAJC12,WT
DNAJC15,WT
DNAJC3,WT
DNM1L,WT
DNMBP,WT
DNMT1,WT
DNTT,WT
DNTTIP2,WT
DOCK10,WT
DOCK2,R1364L
DOCK4,WT
DOCK9,WT
DONSON,WT
DOP1A,WT
DPEP3,WT
DPP4,WT
DPYD,WT
DPYSL2,WT
DPYSL3,WT
DPYSL4,WT
DR1,WT
DRAM1,WT
DRAM2,WT
DRC1,WT
DSC1,WT
DSC2,WT
DSC3,WT
DSCC1,WT
DST,WT
DTNA,WT
DTNB,WT
DTX1,WT
DTX2,WT
DTX4,WT
DTYMK,WT
DUSP1,WT
DUSP14,WT
DUSP2,WT
DUSP3,WT
DUSP4,WT
DUSP5,WT
DUSP6,WT
DUT,WT
DVL2,WT
DYNC1H1,WT
DYNLL2,WT
DYNLT3,WT
DYRK1A,WT
DYRK2,WT
DYRK3,WT
E2F1,WT
E2F2,WT
E2F3,WT
E2F4,WT
E2F5,WT
E2F8,WT
EBI3,WT
EBP,WT
ECD,WT
ECH1,WT
ECHS1,WT
ECI1,WT
ECI2,WT
ECM1,WT
ECM2,WT
ECSIT,WT
ECT2,WT
EDAR,WT
EDC4,WT
EDEM1,WT
EDF1,WT
EDIL3,WT
EDN1,WT
EDN2,WT
EED,WT
EEF1AKMT1,WT
EEF1B2,WT
EEF1E1,WT
EEF2,WT
EEIG1,WT
EFEMP1,WT
EFEMP2,WT
EFHC1,WT
EFHD1,WT
EFNA1,WT
EFNA3,WT
EFNA5,WT
EFS,WT
EGF,WT
EGFR,T384S
EGLN2,WT
EGLN3,WT
EGR1,WT
EGR2,WT
EGR3,WT
EHD1,WT
EHHADH,WT
EI24,WT
EIF1,WT
EIF1AX,WT
EIF1B,WT
EIF2AK1,WT
EIF2AK2,WT
EIF2AK3,T536A
EIF2S1,WT
EIF2S2,WT
EIF2S3,WT
EIF3A,WT
EIF3B,WT
EIF3D,WT
EIF3J,WT
EIF4A1,WT
EIF4A2,WT
EIF4A3,WT
EIF4E,WT
EIF4E3,WT
EIF4EBP1,WT
EIF4G1,WT
EIF4G2,WT
EIF4G3,WT
EIF4H,WT
EIF5,WT
EIF5A,WT
ELANE,WT
ELF1,WT
ELF3,WT
ELF4,WT
ELK4,WT
ELL,WT
ELL2,WT
ELMOD3,WT
ELN,WT
ELOA,WT
ELOVL2,WT
ELOVL3,WT
ELOVL5,WT
ELOVL6,WT
ELP1,WT
ELP4,WT
EMP1,WT
EMP2,WT
EMP3,WT
ENDOD1,WT
ENG,WT
ENO1,WT
ENO2,WT
ENO3,WT
ENPEP,WT
ENPP1,WT
ENPP2,WT
ENTPD5,WT
ENTPD7,WT
EOMES,WT
EPB41,WT
EPB41L2,WT
EPB41L3,WT
EPB42,WT
EPCAM,WT
EPHA2,WT
EPHA5,WT
EPHB2,WT
EPHB3,WT
EPHB4,WT
EPHX1,WT
EPHX2,WT
EPOR,WT
EPRS1,WT
EPS8L2,WT
EPSTI1,WT
ERAP2,WT
ERBB2,WT
ERBB3,WT
ERCC1,WT
ERCC2,G675S
ERCC3,WT
ERCC4,WT
ERCC5,WT
ERCC8,WT
EREG,WT
ERGIC3,WT
ERH,WT
ERMAP,WT
ERN1,WT
ERO1A,WT
ERP29,WT
ERRFI1,WT
ESPL1,L613L
ESR1,WT
ESR2,WT
ESRP2,WT
ESRRA,WT
ESYT1,WT
ETF1,WT
ETFA,WT
ETFB,WT
ETFBKMT,WT
ETFDH,WT
ETHE1,WT
ETS1,WT
ETS2,WT
ETV1,WT
ETV4,WT
ETV5,WT
EVI5,WT
EVL,WT
EWSR1,WT
EXO1,WT
EXOC2,WT
EXOC4,WT
EXOSC1,WT
EXOSC10,WT
EXOSC2,WT
EXOSC4,WT
EXOSC5,WT
EXOSC7,WT
EXOSC8,WT
EXOSC9,WT
EXT1,WT
EXT2,WT
EZH1,WT
EZH2,WT
EZR,WT
F10,WT
F11,WT
F12,WT
F13A1,WT
F13B,WT
F2,WT
F2R,WT
F2RL1,WT
F2RL2,WT
F3,WT
F5,WT
F7,WT
F8,WT
F9,WT
FABP1,WT
FABP2,WT
FABP3,WT
FABP4,WT
FABP5,WT
FABP6,WT
FADS1,WT
FADS2,WT
FAH,WT
FAM120A,WT
FAM162A,WT
FANCC,WT
FAP,WT
FARP1,WT
FARSA,WT
FAS,WT
FASLG,WT
FASN,WT
FBL,WT
FBLN1,WT
FBLN2,WT
FBLN5,WT
FBN1,WT
FBN2,WT
FBP1,WT
FBP2,WT
FBXO34,WT
FBXO4,WT
FBXO5,WT
FBXO6,WT
FBXO7,WT
FBXO9,WT
FBXW11,WT
FBXW7,WT
FCER1G,WT
FCGR1A,WT
FCGR2B,WT
FCMR,WT
FCN1,WT
FDFT1,WT
FDPS,WT
FDX1,WT
FDXR,WT
FECH,WT
FEN1,WT
FERMT2,WT
FES,WT
FETUB,WT
FEZ1,WT
FFAR2,WT
FGA,WT
FGD4,WT
FGD6,WT
FGF13,WT
FGF16,WT
FGF17,WT
FGF18,WT
FGF2,WT
FGF22,WT
FGF6,WT
FGF9,WT
FGFR1,WT
FGFR3,S249C
FGG,WT
FGGY,WT
FGL2,WT
FGR,WT
FH,WT
FHL1,WT
FHL2,WT
FIS1,WT
FJX1,WT
FKBP14,WT
FKBP1A,WT
FKBP1B,WT
FKBP2,WT
FKBP4,WT
FKBP5,WT
FLII,WT
FLNA,WT
FLNB,S1329S
FLNC,WT
FLOT2,WT
FLT3LG,WT
FLT4,WT
FMO1,WT
FMO3,WT
FMOD,WT
FN1,WT
FN3K,WT
FNTA,WT
FOS,WT
FOSB,WT
FOSL1,WT
FOSL2,WT
FOXA2,WT
FOXC1,WT
FOXC2,WT
FOXJ2,WT
FOXN3,WT
FOXO1,WT
FOXO3,WT
FOXO4,WT
FPR1,WT
FRAT1,WT
FRK,WT
FSCN1,WT
FSHB,WT
FST,WT
FSTL1,WT
FSTL3,WT
FTCD,WT
FTL,WT
FUCA1,WT
FURIN,WT
FUS,WT
FUT4,WT
FUT8,WT
FXN,WT
FXYD1,WT
FYB1,WT
FYN,WT
FZD1,WT
FZD2,WT
FZD4,WT
FZD5,WT
FZD7,WT
FZD8,WT
G0S2,WT
G3BP1,WT
G3BP2,WT
G6PC1,WT
G6PC2,WT
G6PD,WT
GAA,WT
GAB2,WT
GABARAPL1,WT
GABARAPL2,WT
GABBR1,WT
GABRA3,WT
GAD1,WT
GAD2,WT
GADD45A,WT
GADD45B,WT
GADD45G,WT
GAL,WT
GAL3ST1,WT
GALC,WT
GALE,WT
GALK1,WT
GALK2,WT
GALM,WT
GALNT1,WT
GALNT3,WT
GAMT,WT
GAPDH,WT
GAPDHS,WT
GAPVD1,WT
GART,WT
GAS1,WT
GATA1,WT
GATA3,WT
GBE1,WT
GBF1,WT
GBP2,WT
GBP4,WT
GBP6,WT
GC,WT
GCA,WT
GCDH,WT
GCG,WT
GCH1,WT
GCK,WT
GCKR,WT
GCLC,WT
GCLM,WT
GCNT1,WT
GCNT2,WT
GDA,WT
GDE1,WT
GDNF,WT
GEM,WT
GEMIN4,WT
GFI1,WT
GFPT1,WT
GFPT2,WT
GFRA1,WT
GFUS,WT
GGA2,WT
GGH,WT
GHITM,WT
GHRL,WT
GINS1,WT
GINS2,WT
GINS3,WT
GINS4,WT
GJA1,WT
GJA5,WT
GJB3,WT
GLA,WT
GLCE,WT
GLDC,WT
GLI1,N979S
GLIPR1,WT
GLIPR2,WT
GLMN,I57I
GLO1,WT
GLRX,WT
GLRX2,WT
GLRX5,WT
GLS,WT
GLS2,WT
GLUD1,WT
GLUL,WT
GM2A,WT
GMCL1,WT
GMFB,WT
GMPPA,WT
GMPPB,WT
GMPR,WT
GMPR2,WT
GMPS,WT
GNA14,WT
GNA15,WT
GNAI1,D315N
GNAI2,WT
GNAI3,WT
GNAO1,WT
GNAS,WT
GNB2,WT
GNB4,WT
GNE,WT
GNG11,WT
GNG12,WT
GNG2,WT
GNGT1,WT
GNGT2,WT
GNL3,WT
GNMT,WT
GNPAT,WT
GNPDA1,WT
GOLGA4,WT
GOSR2,WT
GOT1,WT
GOT2,WT
GP1BA,WT
GP2,WT
GP9,WT
GPAM,WT
GPAT4,WT
GPC1,WT
GPC3,WT
GPC4,WT
GPD1,WT
GPD1L,WT
GPD2,WT
GPER1,WT
GPHN,WT
GPI,WT
GPNMB,WT
GPR132,WT
GPR18,WT
GPR182,WT
GPR183,WT
GPR19,H293R
GPR3,WT
GPR65,WT
GPR83,WT
GPR87,WT
GPRC5B,WT
GPRC5C,WT
GPX1,WT
GPX2,WT
GPX3,WT
GPX4,WT
GPX7,WT
GPX8,WT
GRB2,WT
GRB7,WT
GREB1,WT
GREM1,WT
GRHPR,WT
GRID2,WT
GRINA,WT
GRK2,WT
GRK5,WT
GRM8,WT
GRPEL1,WT
GRWD1,WT
GSDME,WT
GSG1,WT
GSK3B,WT
GSN,WT
GSPT1,WT
GSR,WT
GSS,WT
GSTA3,WT
GSTK1,WT
GSTM1,WT
GSTM2,WT
GSTM3,WT
GSTM4,WT
GSTO1,WT
GSTT2,WT
GSTZ1,WT
GTF2A2,WT
GTF2B,WT
GTF2F1,WT
GTF2H1,WT
GTF2H3,WT
GTF2H5,WT
GTF3C5,WT
GUCY1A1,WT
GUCY1B1,WT
GUCY2D,WT
GUK1,WT
GUSB,WT
GYPA,WT
GYPB,WT
GYPC,WT
GYPE,WT
GYS1,WT
GYS2,WT
GZMA,WT
GZMB,WT
GZMK,WT
H1-0,WT
H1-2,WT
H1-6,WT
H2AC25,WT
H2AJ,WT
H2AX,WT
H2AZ1,WT
H2AZ2,WT
H2BC12,WT
H2BC3,WT
H4C3,WT
HACL1,WT
HADH,WT
HADHA,WT
HADHB,WT
HAGH,WT
HAO1,WT
HAO2,WT
HAS1,WT
HAS2,WT
HAX1,WT
HBB,WT
HBBP1,WT
HBD,WT
HBEGF,WT
HBQ1,WT
HBZ,WT
HCCS,WT
HCLS1,WT
HDAC1,WT
HDAC11,WT
HDAC2,WT
HDAC3,WT
HDAC5,WT
HDAC6,WT
HDAC9,WT
HDDC2,WT
HDGF,WT
HDLBP,WT
HEBP1,WT
HELLS,WT
HELZ2,WT
HERC3,WT
HERC6,WT
HERPUD1,WT
HES1,WT
HES6,WT
HEXA,WT
HEXIM1,WT
HEY1,WT
HEY2,WT
HEYL,WT
HGF,WT
HGFAC,WT
HHEX,WT
HIBCH,WT
HIF1A,WT
HINT1,WT
HIPK2,WT
HIRA,WT
HK1,WT
HK2,WT
HKDC1,WT
HLA-A,Q78R
HLA-B,WT
HLA-C,WT
HLA-DMA,WT
HLA-DMB,WT
HLA-DOA,WT
HLA-DOB,WT
HLA-DQA1,WT
HLA-DRA,WT
HLA-DRB1,WT
HLA-E,WT
HLA-F,WT
HLA-G,WT
HMBS,WT
HMGA1,WT
HMGB2,WT
HMGB3,WT
HMGCL,WT
HMGCR,WT
HMGCS1,WT
HMGCS2,WT
HMGN2,WT
HMMR,WT
HMOX1,WT
HMOX2,WT
HNF1A,WT
HNF4A,WT
HNRNPA1,WT
HNRNPA2B1,WT
HNRNPA3,WT
HNRNPC,WT
HNRNPD,WT
HNRNPR,WT
HNRNPU,WT
HOMER1,WT
HOMER2,WT
HOOK3,WT
HOPX,WT
HOXB1,WT
HOXB9,WT
HOXC10,WT
HOXD11,WT
HPCAL4,Y52F
HPGD,WT
HPN,WT
HPRT1,WT
HR,WT
HRAS,WT
HRC,WT
HRG,WT
HRH1,WT
HS2ST1,WT
HS3ST1,WT
HS6ST2,WT
HSD11B1,WT
HSD11B2,WT
HSD17B10,WT
HSD17B11,WT
HSD17B14,WT
HSD17B2,WT
HSD17B4,WT
HSD17B6,WT
HSD17B7,WT
HSD3B1,WT
HSD3B7,WT
HSDL2,WT
HSP90AA1,WT
HSP90AB1,WT
HSP90B1,WT
HSPA13,WT
HSPA1A,WT
HSPA1L,WT
HSPA2,WT
HSPA4,WT
HSPA4L,WT
HSPA5,WT
HSPA8,WT
HSPA9,WT
HSPB1,WT
HSPB2,WT
HSPB8,WT
HSPD1,WT
HSPE1,WT
HSPH1,WT
HTATIP2,WT
HTR1B,WT
HTR1D,WT
HTR5A,WT
HTR7,WT
HTRA1,WT
HTRA2,WT
HUS1,WT
HUWE1,WT
HYAL2,WT
HYCC2,WT
HYOU1,WT
IAPP,WT
IARS1,WT
ICA1,WT
ICAM1,WT
ICAM2,WT
ICAM4,WT
ICAM5,WT
ICOS,WT
ICOSLG,WT
ID1,WT
ID2,WT
ID3,WT
IDE,WT
IDH1,WT
IDH2,WT
IDH3A,WT
IDH3B,WT
IDH3G,WT
IDI1,WT
IDO1,WT
IDS,WT
IDUA,WT
IER2,WT
IER3,WT
IER5,WT
IFI27,WT
IFI30,WT
IFI35,WT
IFI44,WT
IFI44L,WT
IFIH1,WT
IFIT1,WT
IFIT2,WT
IFIT3,WT
IFITM1,WT
IFITM2,WT
IFITM3,WT
IFNAR1,WT
IFNAR2,WT
IFNB1,WT
IFNG,WT
IFNGR1,WT
IFNGR2,WT
IFRD1,WT
IFT88,WT
IGF1,WT
IGF1R,WT
IGF2,WT
IGF2R,WT
IGFBP1,WT
IGFBP2,WT
IGFBP3,WT
IGFBP4,WT
IGFBP5,WT
IGFBP6,WT
IGFBP7,WT
IGSF1,WT
IGSF3,WT
IGSF6,WT
IKBKB,P363R
IKBKG,WT
IKZF1,WT
IKZF2,WT
IKZF4,WT
IL10,WT
IL10RA,WT
IL10RB,WT
IL11,WT
IL12A,WT
IL12B,WT
IL12RB1,WT
IL12RB2,WT
IL13,WT
IL13RA1,WT
IL13RA2,WT
IL15,WT
IL15RA,WT
IL16,WT
IL17RA,WT
IL17RB,WT
IL18,WT
IL18BP,WT
IL18R1,WT
IL18RAP,WT
IL1A,WT
IL1B,WT
IL1R1,WT
IL1R2,WT
IL1RL1,WT
IL1RL2,WT
IL2,WT
IL23A,WT
IL27RA,WT
IL2RA,WT
IL2RB,WT
IL2RG,WT
IL32,WT
IL33,WT
IL3RA,WT
IL4,WT
IL4I1,WT
IL4R,WT
IL5,WT
IL6,WT
IL6ST,WT
IL7,WT
IL7R,WT
IL9,WT
IL9R,WT
ILF2,WT
ILF3,WT
ILVBL,WT
IMMT,WT
IMP3,WT
IMP4,WT
IMPA2,WT
IMPDH2,WT
INCENP,WT
ING3,WT
INHA,WT
INHBA,WT
INHBB,WT
INHBE,WT
INMT,WT
INPP4B,WT
INPP5F,WT
INPPL1,WT
INS,WT
INSIG1,WT
INSL5,WT
INSM1,L310V
IP6K1,WT
IP6K2,WT
IPCEF1,WT
IPO4,WT
IPO7,WT
IQGAP2,WT
IRAG2,WT
IRAK1,WT
IRAK2,WT
IRAK4,WT
IRF1,WT
IRF2,WT
IRF4,WT
IRF5,WT
IRF6,WT
IRF7,WT
IRF8,WT
IRF9,WT
IRS1,WT
IRS2,WT
IRS4,WT
ISCA1,WT
ISCU,WT
ISG15,WT
ISG20,WT
ISG20L2,WT
ISL1,WT
ISOC1,WT
ITGA10,WT
ITGA2,WT
ITGA3,WT
ITGA4,WT
ITGA5,WT
ITGA6,WT
ITGA7,WT
ITGA9,WT
ITGAE,WT
ITGAL,WT
ITGAM,WT
ITGAV,WT
ITGB1,WT
ITGB1BP1,WT
ITGB1BP2,WT
ITGB2,WT
ITGB3,WT
ITGB4,WT
ITGB5,WT
ITGB7,WT
ITGB8,WT
ITGBL1,WT
ITIH1,WT
ITIH3,WT
ITIH4,WT
ITIH5,WT
ITK,WT
ITPA,WT
ITPK1,WT
ITPR2,WT
ITSN1,E483Q
JAG1,WT
JAG2,WT
JAGN1,WT
JAK1,WT
JAK2,WT
JAM3,WT
JMJD6,WT
JPT1,WT
JUN,WT
JUNB,WT
JUP,WT
KALRN,WT
KARS1,WT
KAT2A,WT
KAT2B,WT
KATNA1,WT
KATNB1,WT
KAZN,WT
KCNA3,WT
KCND1,WT
KCNE2,WT
KCNH1,WT
KCNH2,WT
KCNIP2,WT
KCNIP3,WT
KCNJ2,WT
KCNJ8,WT
KCNK15,WT
KCNK5,WT
KCNMA1,WT
KCNMB1,WT
KCNMB2,WT
KCNN1,WT
KCNN4,WT
KCNQ2,WT
KDELR3,WT
KDM3A,D24N
KDM4B,WT
KDM6B,WT
KDM7A,WT
KEL,WT
KHNYN,WT
KHSRP,WT
KIF11,WT
KIF13B,WT
KIF15,WT
KIF18B,WT
KIF1B,WT
KIF20A,WT
KIF20B,WT
KIF22,WT
KIF23,WT
KIF2A,WT
KIF2C,WT
KIF3B,WT
KIF3C,WT
KIF4A,WT
KIF5A,WT
KIF5B,WT
KIF5C,WT
KIFAP3,WT
KIFC3,WT
KIT,WT
KLC1,WT
KLF1,WT
KLF10,WT
KLF2,WT
KLF3,WT
KLF4,WT
KLF5,WT
KLF6,WT
KLF7,WT
KLF9,WT
KLHDC3,WT
KLHDC8A,WT
KLHL24,WT
KLK1,WT
KLK10,WT
KLK11,WT
KLK2,WT
KLK3,WT
KLK7,WT
KLK8,WT
KLKB1,WT
KLRD1,WT
KLRK1,WT
KMT2D,WT
KMT5A,WT
KNL1,WT
KNTC1,WT
KPNA2,WT
KPNB1,WT
KPTN,WT
KRT1,WT
KRT13,WT
KRT15,WT
KRT17,WT
KRT18,WT
KRT19,WT
KRT31,WT
KRT4,WT
KRT5,WT
KRT8,WT
KYNU,WT
L1CAM,WT
L3MBTL4,WT
LAD1,WT
LALBA,WT
LAMA1,WT
LAMA2,WT
LAMA3,WT
LAMA4,WT
LAMB3,WT
LAMC1,WT
LAMC2,WT
LAMP2,WT
LAMP3,WT
LAMTOR5,WT
LAP3,WT
LAPTM5,WT
LARGE1,WT
LAS1L,M666L
LAT2,WT
LATS1,WT
LATS2,WT
LAYN,WT
LBR,WT
LCAT,VGLP341fs
LCK,WT
LCLAT1,WT
LCP1,WT
LCP2,WT
LCT,WT
LDB1,WT
LDB3,WT
LDHA,WT
LDHB,WT
LDHC,WT
LDLR,WT
LDLRAP1,V271V
LEAP2,WT
LEF1,WT
LEFTY2,WT
LEP,WT
LEPR,WT
LFNG,WT
LGALS1,WT
LGALS3,WT
LGALS3BP,WT
LGALS7,WT
LGMN,WT
LHPP,WT
LHX2,WT
LHX9,WT
LIF,WT
LIFR,WT
LIG1,WT
LIG3,WT
LIMA1,WT
LIPA,WT
LIPE,WT
LITAF,WT
LLGL1,WT
LLGL2,WT
LMAN1,WT
LMNA,WT
LMNB1,WT
LMO2,WT
LONP1,T582M
LONP2,WT
LOX,WT
LOXL1,WT
LOXL2,WT
LPAR1,WT
LPAR6,WT
LPCAT3,WT
LPIN1,WT
LPIN2,WT
LPL,WT
LRIG1,WT
LRP1,I464V
LRP10,WT
LRPAP1,WT
LRPPRC,WT
LRRC15,WT
LRRC8C,WT
LSM1,WT
LSM2,WT
LSM4,WT
LSM7,WT
LSP1,WT
LSR,WT
LSS,WT
LTA,WT
LTA4H,WT
LTB,WT
LTBP1,WT
LTBP2,WT
LTBR,WT
LTC4S,WT
LTF,WT
LUC7L3,WT
LUM,WT
LXN,WT
LY6E,WT
LY75,WT
LY86,WT
LY96,WT
LYAR,WT
LYN,WT
LYPD3,WT
LYSMD2,WT
M6PR,WT
MACROH2A2,WT
MAD2L1,WT
MADCAM1,WT
MADD,WT
MAF,WT
MAFB,WT
MAFF,WT
MAGEE1,WT
MAGI2,WT
MAGIX,WT
MAK,WT
MAL,WT
MAL2,WT
MALL,WT
MAML1,WT
MAML2,WT
MAN1A1,WT
MAOA,WT
MAOB,WT
MAP1B,WT
MAP1S,WT
MAP2K3,WT
MAP2K5,WT
MAP2K6,WT
MAP3K1,WT
MAP3K11,WT
MAP3K20,WT
MAP3K6,WT
MAP3K7,WT
MAP3K8,WT
MAP4K1,WT
MAP4K2,WT
MAP4K3,WT
MAP6,WT
MAP7,WT
MAPK1,WT
MAPK10,WT
MAPK11,WT
MAPK12,WT
MAPK13,WT
MAPK14,WT
MAPK8,WT
MAPK8IP2,WT
MAPK9,WT
MAPKAP1,WT
MAPKAPK2,WT
MAPKAPK3,WT
MAPRE1,WT
MAPRE3,WT
MAPT,WT
MARCHF1,WT
MARCHF2,WT
MARCHF6,WT
MARCHF8,WT
MARCKS,WT
MARCO,WT
MARK2,WT
MARK3,WT
MARK4,WT
MASP2,WT
MAST2,WT
MAST3,WT
MAST4,WT
MATN2,WT
MATN3,WT
MB,WT
MBL2,WT
MBOAT2,WT
MBP,WT
MCCC1,WT
MCCC2,WT
MCEE,WT
MCL1,WT
MCM2,WT
MCM3,WT
MCM4,N201S
MCM5,WT
MCM6,WT
MCM7,WT
MDGA1,WT
MDH1,WT
MDH2,WT
MDK,WT
MDM2,WT
ME1,WT
ME2,WT
MED13L,WT
MED24,WT
MEF2A,WT
MEF2C,WT
MEF2D,WT
MEFV,WT
MEIS1,WT
MEIS2,WT
MELK,WT
MEP1A,WT
MEP1B,S687S S688*
MERTK,WT
MEST,WT
MET,WT
METAP1,WT
METTL3,WT
METTL7B,WT
MFAP5,WT
MFHAS1,WT
MFN2,WT
MFSD6,WT
MGAT1,WT
MGLL,WT
MGMT,WT
MGP,WT
MGST1,WT
MGST3,WT
MICB,WT
MID1,WT
MID1IP1,WT
MIF,WT
MIGA2,WT
MINDY1,WT
MINPP1,WT
MIOS,WT
MIOX,WT
MIX23,WT
MKI67,WT
MKNK1,WT
MKNK2,WT
MKRN1,WT
MLF1,WT
MLH1,WT
MLLT10,WT
MLLT11,WT
MLPH,WT
MLYCD,WT
MMD,WT
MMP1,WT
MMP10,WT
MMP11,WT
MMP12,WT
MMP13,WT
MMP14,WT
MMP15,WT
MMP16,WT
MMP2,WT
MMP3,WT
MMP7,WT
MMP8,WT
MMP9,WT
MMS22L,WT
MNAT1,WT
MOCOS,WT
MOCS2,WT
MON2,WT
MOSPD1,WT
MOV10,WT
MPC1,WT
MPC2,WT
MPG,WT
MPHOSPH10,WT
MPI,WT
MPO,WT
MPP1,WT
MPP2,WT
MPPED2,WT
MPZL1,WT
MPZL2,WT
MRAP,WT
MRAS,WT
MRE11,WT
MREG,WT
MRPL11,WT
MRPL15,WT
MRPL23,WT
MRPL3,WT
MRPL34,WT
MRPL35,WT
MRPL40,WT
MRPL9,WT
MRPS11,WT
MRPS12,WT
MRPS15,WT
MRPS18B,WT
MRPS22,WT
MRPS30,WT
MRPS31,WT
MRTO4,WT
MSC,WT
MSH2,WT
MSH5,WT
MSMB,WT
MSN,WT
MSR1,WT
MSRA,WT
MSRB1,WT
MSRB2,WT
MST1,WT
MSX1,WT
MT1E,WT
MT2A,WT
MT3,WT
MTA1,WT
MTARC2,WT
MTCH2,WT
MTF2,WT
MTHFD1,WT
MTHFD2,S83S
MTHFD2L,WT
MTHFR,WT
MTIF2,WT
MTMR10,WT
MTNR1A,WT
MTOR,WT
MTREX,WT
MTRF1,WT
MTRR,WT
MTX2,WT
MUC1,WT
MVB12A,WT
MVD,WT
MVK,WT
MVP,WT
MX1,WT
MX2,WT
MXD1,WT
MXD3,WT
MXD4,WT
MXI1,WT
MXRA5,T2308I T1320S
MYB,WT
MYBBP1A,WT
MYBL1,WT
MYBL2,V172L
MYBPC3,WT
MYBPH,WT
MYC,WT
MYCN,WT
MYD88,WT
MYF6,WT
MYH1,WT
MYH10,WT
MYH11,WT
MYH2,WT
MYH3,E959K
MYH4,WT
MYH7,WT
MYH8,WT
MYH9,WT
MYL1,WT
MYL11,WT
MYL12A,WT
MYL12B,WT
MYL2,WT
MYL3,WT
MYL4,WT
MYL6B,WT
MYL7,WT
MYL9,WT
MYLK,WT
MYO15A,WT
MYO1C,F401F
MYO1E,WT
MYO9B,WT
MYOF,WT
MYOG,WT
MYOM1,WT
MYOM2,WT
MYOT,WT
MYOZ1,WT
NAA11,WT
NAA38,WT
NAB2,WT
NABP1,WT
NADSYN1,WT
NAGK,WT
NAMPT,WT
NANP,WT
NAP1L1,WT
NAP1L2,WT
NAPA,WT
NAPG,WT
NARF,WT
NASP,WT
NAT1,WT
NAV2,WT
NBL1,WT
NBN,WT
NCAM1,WT
NCAN,WT
NCAPD2,WT
NCAPH,WT
NCAPH2,WT
NCBP1,WT
NCBP2,WT
NCF4,WT
NCK1,WT
NCK2,WT
NCL,WT
NCOA3,WT
NCOA4,WT
NCOA6,WT
NCOA7,WT
NCOR2,WT
NCR1,WT
NCS1,WT
NCSTN,WT
NDC80,WT
NDP,WT
NDRG1,WT
NDRG2,WT
NDST1,WT
NDST2,WT
NDST3,WT
NDUFA1,WT
NDUFA2,WT
NDUFA3,WT
NDUFA4,WT
NDUFA5,WT
NDUFA6,WT
NDUFA7,WT
NDUFA8,WT
NDUFA9,WT
NDUFAB1,WT
NDUFAF4,WT
NDUFB1,WT
NDUFB2,WT
NDUFB3,WT
NDUFB4,WT
NDUFB5,WT
NDUFB6,WT
NDUFB7,WT
NDUFB8,WT
NDUFC1,WT
NDUFC2,WT
NDUFS1,WT
NDUFS2,WT
NDUFS3,WT
NDUFS4,WT
NDUFS6,WT
NDUFS7,WT
NDUFS8,WT
NDUFV1,WT
NDUFV2,WT
NDUFV3,WT
NECTIN1,WT
NECTIN2,WT
NECTIN3,WT
NECTIN4,WT
NEDD4,WT
NEDD4L,WT
NEDD9,WT
NEFH,WT
NEGR1,WT
NEK2,WT
NEK7,WT
NELFB,WT
NELFCD,WT
NELFE,WT
NET1,WT
NEUROD1,WT
NEUROG3,WT
NEXN,WT
NF1,WT
NF2,WT
NFASC,WT
NFAT5,WT
NFE2,WT
NFE2L1,WT
NFE2L2,R34G
NFIB,WT
NFIL3,WT
NFKB1,WT
NFKB2,K179K
NFKBIA,WT
NFKBIB,WT
NFKBIE,WT
NFKBIZ,WT
NFS1,WT
NFX1,WT
NFYA,WT
NFYB,WT
NFYC,WT
NGB,WT
NGF,WT
NGLY1,WT
NHERF1,WT
NHERF4,WT
NHLH2,WT
NHP2,WT
NIBAN1,WT
NID2,WT
NIN,M1208K
NINJ1,WT
NIP7,WT
NIPBL,WT
NKD1,WT
NKIRAS1,WT
NKX2-2,WT
NKX2-5,WT
NKX3-1,WT
NKX6-1,WT
NLGN2,WT
NLGN3,WT
NLRC5,WT
NLRP3,WT
NME1,WT
NME3,WT
NME4,WT
NMI,WT
NMT1,WT
NMU,WT
NMUR1,WT
NNMT,WT
NNT,WT
NOC4L,WT
NOCT,WT
NOD1,WT
NOD2,WT
NOG,WT
NOL3,WT
NOL8,WT
NOLC1,WT
NOP14,WT
NOP16,WT
NOP2,WT
NOP56,WT
NOS1,WT
NOS2,WT
NOTCH1,WT
NOTCH2,WT
NOTCH3,WT
NOTCH4,WT
NPC1,WT
NPFFR2,WT
NPHP1,WT
NPHS1,WT
NPM1,WT
NPR2,WT
NPTX2,WT
NPTXR,WT
NPY1R,WT
NPY4R,WT
NPY5R,WT
NQO1,WT
NQO2,WT
NR0B2,WT
NR1D2,WT
NR1H4,WT
NR1I2,WT
NR3C1,WT
NR3C2,WT
NR4A1,WT
NR4A2,WT
NR4A3,WT
NR6A1,WT
NRAP,WT
NRCAM,WT
NRIP1,WT
NRIP2,WT
NRP1,WT
NRP2,F249C
NRTN,WT
NRXN2,WT
NSD2,WT
NSDHL,WT
NT5C,WT
NT5C3A,WT
NT5E,WT
NTF3,WT
NTHL1,WT
NTM,WT
NTNG1,WT
NTRK3,WT
NUB1,WT
NUDT11,WT
NUDT12,WT
NUDT15,WT
NUDT19,WT
NUDT21,WT
NUDT4,WT
NUDT9,WT
NUFIP1,WT
NUMA1,WT
NUMB,WT
NUP107,WT
NUP153,WT
NUP205,WT
NUP50,WT
NUP58,WT
NUP93,WT
NUP98,WT
NUPR1,WT
NUSAP1,WT
NXF1,WT
NXT1,WT
OAS1,WT
OAS2,WT
OAS3,WT
OASL,WT
OAT,WT
OAZ3,WT
OCEL1,WT
OCRL,WT
ODC1,WT
ODF1,WT
ODF2,WT
OGDH,WT
OGFR,WT
OLFM1,WT
OLFML3,WT
OLR1,WT
OMD,WT
ONECUT1,WT
OPA1,WT
OPHN1,WT
OPN3,WT
OPRK1,WT
OPTN,WT
ORC2,WT
ORC5,WT
ORC6,WT
ORM1,WT
OSBP2,WT
OSGIN1,WT
OSM,WT
OSMR,WT
OSTC,WT
OVOL2,WT
OXA1L,WT
OXSR1,WT
OXT,WT
OXTR,WT
P2RX4,WT
P2RX6,WT
P2RX7,WT
P2RY1,WT
P2RY14,WT
P2RY2,WT
P2RY4,WT
P3H1,WT
P4HA1,WT
P4HA2,WT
PA2G4,WT
PABPC1,WT
PABPC4,WT
PACRG,WT
PAFAH1B1,WT
PAICS,WT
PAIP1,WT
PAK1,WT
PAK3,WT
PAK4,WT
PALLD,WT
PALS1,WT
PAM,WT
PAN2,WT
PANX1,WT
PAOX,WT
PAPOLB,WT
PAPSS2,WT
PARD6G,WT
PARN,WT
PARP12,S681Y
PARP14,WT
PARP2,WT
PARP9,WT
PARVA,WT
PAX3,WT
PAX4,WT
PAX6,WT
PAXIP1,WT
PBK,WT
PBX2,WT
PC,WT
PCBD1,WT
PCBP1,WT
PCDH1,WT
PCDH7,WT
PCDHB1,WT
PCGF5,WT
PCK1,WT
PCLO,WT
PCM1,WT
PCNA,WT
PCNT,WT
PCOLCE,WT
PCOLCE2,WT
PCP4,WT
PCSK1,WT
PCSK1N,WT
PCSK2,WT
PCSK4,WT
PCSK9,WT
PCYT2,WT
PDAP1,WT
PDCD1,WT
PDCD1LG2,WT
PDCD2L,WT
PDCD4,WT
PDE4B,WT
PDE4DIP,WT
PDE6B,WT
PDE6G,WT
PDGFA,WT
PDGFB,WT
PDGFC,WT
PDGFRB,WT
PDHA1,WT
PDHA2,WT
PDHB,WT
PDHX,WT
PDIA5,WT
PDIA6,WT
PDK1,WT
PDK2,WT
PDK3,WT
PDK4,WT
PDLIM1,WT
PDLIM3,WT
PDLIM4,WT
PDLIM5,WT
PDLIM7,WT
PDP1,WT
PDPN,WT
PDS5B,WT
PDX1,WT
PDZK1,WT
PDZK1IP1,WT
PEA15,WT
PEBP1,WT
PECAM1,WT
PECR,WT
PEF1,WT
PEG3,WT
PELI1,WT
PEMT,WT
PENK,WT
PER1,WT
PERP,WT
PES1,WT
PEX1,WT
PEX11A,WT
PEX11B,WT
PEX11G,WT
PEX12,WT
PEX13,WT
PEX14,WT
PEX16,WT
PEX19,WT
PEX2,WT
PEX26,WT
PEX5,WT
PEX6,WT
PEX7,WT
PF4,WT
PFKFB1,WT
PFKFB3,WT
PFKL,WT
PFKM,WT
PFKP,WT
PFN1,WT
PFN2,WT
PGAM1,WT
PGAM2,WT
PGD,WT
PGF,WT
PGK1,WT
PGK2,WT
PGLS,WT
PGLYRP1,WT
PGM1,WT
PGM2,WT
PGM3,WT
PGR,WT
PGRMC1,WT
PGS1,WT
PHB1,WT
PHB2,WT
PHEX,WT
PHF3,WT
PHF5A,WT
PHF7,WT
PHGDH,WT
PHKA2,WT
PHKG1,WT
PHKG2,WT
PHLDA1,WT
PHLDA2,WT
PHLDA3,WT
PHLDB1,WT
PHTF2,WT
PHYH,WT
PIAS1,WT
PIAS2,WT
PIAS3,WT
PICALM,WT
PICK1,WT
PIDD1,WT
PIF1,WT
PIGQ,WT
PIGR,WT
PIK3CA,E545K
PIK3CB,WT
PIK3CD,WT
PIK3CG,WT
PIK3R3,WT
PIK3R5,WT
PIKFYVE,WT
PIM1,WT
PIM3,WT
PIN1,WT
PINK1,WT
PIPOX,WT
PITPNB,WT
PITPNC1,WT
PITX2,WT
PKD1,WT
PKD2,WT
PKHD1,WT
PKIA,WT
PKLR,WT
PKM,WT
PKP1,WT
PKP2,WT
PKP3,S768F
PLA2G12A,WT
PLA2G2A,WT
PLA2G4A,WT
PLA2G7,WT
PLAAT3,WT
PLAC1,WT
PLAC8,WT
PLAG1,WT
PLAGL1,WT
PLAT,WT
PLAU,WT
PLAUR,WT
PLCB1,WT
PLCB2,WT
PLCB4,WT
PLCG1,WT
PLCL1,WT
PLEC,WT
PLEK,WT
PLEK2,WT
PLEKHG2,WT
PLG,WT
PLIN2,WT
PLK1,WT
PLK2,E41K
PLK3,WT
PLK4,WT
PLOD1,WT
PLOD2,WT
PLOD3,WT
PLPP1,WT
PLPP3,WT
PLPPR4,WT
PLSCR1,WT
PLVAP,WT
PLXNB1,WT
PLXNB2,WT
PMAIP1,WT
PMEPA1,WT
PML,WT
PMM1,WT
PMM2,WT
PMP22,WT
PMPCA,WT
PMS2,WT
PMVK,WT
PNMT,WT
PNN,WT
PNO1,WT
PNP,WT
PNPLA8,WT
PNPT1,WT
PNRC1,WT
PODXL,WT
POLA1,WT
POLA2,WT
POLB,WT
POLD1,WT
POLD2,WT
POLD3,WT
POLD4,WT
POLE,WT
POLE3,WT
POLE4,WT
POLG2,WT
POLH,WT
POLL,WT
POLQ,WT
POLR1C,WT
POLR1D,WT
POLR1H,WT
POLR2A,WT
POLR2C,Y208H
POLR2D,WT
POLR2E,WT
POLR2F,WT
POLR2G,WT
POLR2H,WT
POLR2I,WT
POLR2J,WT
POLR2K,WT
POLR3C,WT
POLR3G,WT
POLR3GL,WT
POLR3K,WT
POM121,WT
POMC,WT
POP4,WT
POP7,WT
POR,WT
POSTN,WT
POU2F1,WT
PPA1,WT
PPAN,WT
PPARA,WT
PPARD,WT
PPARG,WT
PPARGC1A,WT
PPAT,WT
PPBP,WT
PPFIA4,WT
PPIA,WT
PPIB,WT
PPIF,WT
PPM1A,WT
PPM1B,WT
PPM1D,WT
PPM1G,WT
PPOX,WT
PPP1CA,WT
PPP1R15A,WT
PPP1R15B,WT
PPP1R2,WT
PPP1R3C,WT
PPP1R8,WT
PPP2CB,WT
PPP2R1B,WT
PPP2R2C,WT
PPP2R5B,WT
PPP3R1,WT
PPP4C,WT
PPP4R2,WT
PPRC1,WT
PPT1,WT
PRAF2,WT
PRC1,WT
PRCP,WT
PRDM1,WT
PRDM2,WT
PRDM4,WT
PRDX1,WT
PRDX2,WT
PRDX3,WT
PRDX4,WT
PRDX5,WT
PRDX6,WT
PREB,WT
PRELID3B,WT
PREP,WT
PREX1,WT
PRF1,WT
PRG2,WT
PRIM1,WT
PRIM2,WT
PRKAA2,WT
PRKAB1,WT
PRKACA,WT
PRKAG1,WT
PRKAR2A,WT
PRKAR2B,WT
PRKCA,WT
PRKCB,WT
PRKCD,WT
PRKCE,WT
PRKCG,WT
PRKCH,WT
PRKDC,WT
PRKG2,WT
PRKN,WT
PRLR,WT
PRM2,WT
PRMT2,WT
PRMT3,WT
PRMT5,WT
PRNP,WT
PROC,WT
PROCR,WT
PRODH,WT
PROK2,WT
PROP1,WT
PROS1,WT
PROZ,WT
PRPF3,WT
PRPF31,WT
PRPF4B,WT
PRPS1,WT
PRPS2,WT
PRRX1,WT
PRSS2,WT
PRSS23,WT
PRSS3,WT
PRSS36,WT
PSAT1,WT
PSEN1,WT
PSEN2,WT
PSENEN,WT
PSIP1,WT
PSMA1,WT
PSMA2,WT
PSMA3,WT
PSMA4,WT
PSMA6,WT
PSMA7,WT
PSMB10,WT
PSMB2,WT
PSMB3,WT
PSMB5,WT
PSMB8,WT
PSMB9,WT
PSMC2,WT
PSMC3,WT
PSMC3IP,WT
PSMC4,WT
PSMC6,WT
PSMD1,WT
PSMD12,V43V
PSMD13,WT
PSMD14,WT
PSMD3,WT
PSMD7,WT
PSMD8,WT
PSMD9,WT
PSME1,WT
PSME2,WT
PSME3,WT
PSMG1,WT
PSPH,WT
PTAFR,WT
PTBP2,WT
PTCD2,WT
PTCD3,WT
PTCH1,WT
PTEN,WT
PTGDS,WT
PTGER2,WT
PTGER3,WT
PTGER4,WT
PTGES,WT
PTGES3,WT
PTGFR,WT
PTGIR,WT
PTGIS,WT
PTGR1,WT
PTGS2,WT
PTH1R,WT
PTHLH,WT
PTK2,WT
PTK2B,WT
PTP4A3,WT
PTPA,WT
PTPN1,WT
PTPN11,WT
PTPN14,WT
PTPN2,WT
PTPN21,WT
PTPN6,WT
PTPRC,WT
PTPRD,WT
PTPRE,WT
PTPRG,WT
PTPRJ,WT
PTPRM,WT
PTPRR,WT
PTRH2,WT
PTS,WT
PTTG1,WT
PTTG3P,WT
PTX3,WT
PURA,WT
PUS1,WT
PVALB,WT
PVR,WT
PVT1,WT
PWP1,WT
PXMP2,WT
PXN,WT
PYCR1,WT
PYGB,WT
PYGL,WT
PYGM,WT
QDPR,WT
QSOX1,WT
RAB14,WT
RAB17,WT
RAB1A,WT
RAB22A,WT
RAB27A,WT
RAB2A,WT
RAB31,WT
RAB34,WT
RAB3GAP1,WT
RAB40C,WT
RAB4A,WT
RAB5A,WT
RAB9A,WT
RABEP1,WT
RABEPK,WT
RABGAP1,WT
RABGAP1L,WT
RABIF,WT
RAC1,WT
RAC2,WT
RACGAP1,WT
RACK1,WT
RAD1,WT
RAD17,WT
RAD21,WT
RAD23A,WT
RAD23B,WT
RAD50,WT
RAD51,WT
RAD51AP1,WT
RAD51C,WT
RAD52,WT
RAD54L,WT
RAD9A,WT
RAE1,WT
RAF1,WT
RALA,WT
RALB,WT
RALBP1,WT
RALGDS,WT
RAN,WT
RANBP1,WT
RANBP10,WT
RANBP9,WT
RAP1GAP,WT
RAP1GDS1,WT
RAP2B,WT
RAPGEF3,WT
RAPGEF5,WT
RAPGEF6,WT
RAPGEFL1,WT
RARA,WT
RARS1,WT
RASA1,WT
RASA2,WT
RASAL2,WT
RASGRP1,WT
RB1,WT
RBBP7,WT
RBBP8,WT
RBCK1,E3K
RBL1,WT
RBM14,WT
RBM38,WT
RBM4,WT
RBM5,WT
RBP1,WT
RBP4,WT
RBPJ,WT
RBPMS,WT
RBSN,WT
RBX1,WT
RCAN1,WT
RCE1,WT
RCHY1,WT
RCL1,WT
RDH11,WT
RDH16,WT
REEP1,WT
REEP5,WT
REEP6,WT
REG1A,WT
REL,WT
RELA,WT
RELB,WT
RELN,WT
RER1,WT
RET,WT
RETN,WT
RETREG1,WT
RETSAT,WT
REV3L,WT
RFC1,WT
RFC2,WT
RFC3,WT
RFC4,WT
RFC5,WT
RGN,WT
RGS1,WT
RGS11,WT
RGS16,WT
RGS4,WT
RHAG,WT
RHBDF2,WT
RHCE,WT
RHCG,WT
RHD,WT
RHOA,WT
RHOB,E172K
RHOBTB3,WT
RHOD,WT
RHOF,WT
RHOG,WT
RHOH,WT
RHOT1,WT
RHOT2,WT
RIBC2,WT
RICTOR,WT
RIGI,WT
RIOK3,WT
RIPK1,WT
RIPK2,WT
RIT1,WT
RMDN3,WT
RNASEH2A,WT
RNASEL,WT
RND3,WT
RNF11,WT
RNF123,WT
RNF144B,WT
RNF19A,WT
RNF19B,WT
RNF213,S2667C
RNF31,WT
RNF4,WT
RNH1,WT
RNMT,WT
RNPS1,WT
ROCK1,WT
RORA,WT
ROS1,WT
RPA1,WT
RPA2,WT
RPA3,WT
RPE,WT
RPL14,WT
RPL18,WT
RPL22,WT
RPL34,WT
RPL36,WT
RPL39,WT
RPL39L,WT
RPL3L,WT
RPL6,WT
RPL9,WT
RPLP0,WT
RPN1,WT
RPS10,WT
RPS12,WT
RPS14,WT
RPS19,WT
RPS2,WT
RPS27L,WT
RPS3,WT
RPS3A,WT
RPS5,WT
RPS6,WT
RPS6KA1,WT
RPS6KA2,WT
RPS6KA3,A249T
RPS6KA5,WT
RPS9,WT
RPTOR,WT
RRAD,WT
RRAGD,WT
RRAS,WT
RREB1,L690L
RRM1,WT
RRM2,WT
RRM2B,WT
RRP12,WT
RRP8,WT
RRP9,WT
RSAD2,WT
RSL1D1,WT
RSU1,T43A
RTN1,WT
RTN3,WT
RTN4RL1,WT
RTP4,WT
RUNX1,WT
RUVBL2,WT
RXRA,WT
RXRB,WT
RXRG,WT
RYR1,WT
RYR2,WT
S100A1,WT
S100A10,WT
S100A11,WT
S100A12,WT
S100A13,WT
S100A4,WT
S100A9,WT
SAC3D1,WT
SAMD9,WT
SAMD9L,WT
SAMHD1,WT
SAMM50,WT
SAP30,WT
SAR1B,WT
SASS6,WT
SAT1,WT
SATB1,WT
SBNO2,WT
SC5D,WT
SCAF4,WT
SCAF8,WT
SCAMP1,WT
SCAMP3,Q312*
SCARB1,WT
SCARF1,WT
SCD,WT
SCG2,WT
SCG3,WT
SCG5,WT
SCGB1A1,WT
SCGN,WT
SCHIP1,WT
SCN10A,WT
SCN1B,WT
SCN8A,WT
SCN9A,WT
SCNN1A,WT
SCP2,WT
SCRN1,WT
SCUBE1,WT
SCUBE2,WT
SDAD1,WT
SDC1,WT
SDC2,WT
SDC3,WT
SDC4,WT
SDCBP,WT
SDCCAG8,WT
SDF2L1,WT
SDHA,WT
SDHB,WT
SDHC,WT
SDHD,WT
SEC11A,WT
SEC14L1,WT
SEC14L2,WT
SEC22B,WT
SEC24D,WT
SEC31A,WT
SEC61A1,WT
SECTM1,WT
SELE,WT
SELENBP1,WT
SELENOP,WT
SELENOS,WT
SELENOW,WT
SELL,WT
SELP,WT
SEMA3B,WT
SEMA3C,WT
SEMA4D,WT
SEPTIN4,WT
SEPTIN9,WT
SERBP1,WT
SERINC1,WT
SERP1,WT
SERPINA1,WT
SERPINA10,WT
SERPINA3,WT
SERPINA5,WT
SERPINA6,WT
SERPINB2,WT
SERPINB5,WT
SERPINB6,WT
SERPINB8,WT
SERPINC1,WT
SERPINE1,WT
SERPINE2,WT
SERPING1,WT
SERPINH1,WT
SERTAD1,WT
SERTAD3,WT
SESN1,WT
SET,WT
SF3A1,WT
SF3A3,WT
SF3B3,WT
SFMBT1,WT
SFN,WT
SFPQ,WT
SFRP1,WT
SFRP4,WT
SGCA,WT
SGCB,WT
SGCD,WT
SGCE,WT
SGCG,WT
SGK1,WT
SGMS1,WT
SGMS2,WT
SH2B1,WT
SH2B2,WT
SH2B3,WT
SH3BGR,WT
SH3BGRL2,WT
SH3BP5,WT
SH3GL2,WT
SHC1,WT
SHE,A374A
SHH,WT
SHMT1,WT
SHMT2,WT
SHOX2,WT
SHROOM1,WT
SHROOM2,WT
SIAH1,WT
SIAH2,WT
SIDT1,WT
SIDT2,WT
SIGMAR1,WT
SIK1,WT
SIPA1L1,WT
SIRPA,WT
SIRT1,WT
SIRT2,WT
SIRT6,WT
SIT1,WT
SKAP2,WT
SKI,WT
SKIC3,WT
SKIL,WT
SKP1,WT
SKP2,WT
SLA,WT
SLAMF1,S277fs
SLAMF7,WT
SLBP,WT
SLC10A3,WT
SLC11A2,WT
SLC12A2,WT
SLC12A3,WT
SLC12A4,WT
SLC16A1,WT
SLC16A3,WT
SLC16A6,WT
SLC16A7,WT
SLC19A1,WT
SLC19A2,WT
SLC1A1,WT
SLC1A2,WT
SLC1A4,WT
SLC1A5,WT
SLC20A1,WT
SLC22A1,WT
SLC22A12,WT
SLC22A18,WT
SLC22A4,WT
SLC22A5,WT
SLC23A1,WT
SLC23A2,WT
SLC24A3,WT
SLC25A1,WT
SLC25A10,WT
SLC25A11,WT
SLC25A12,G359V
SLC25A13,WT
SLC25A17,WT
SLC25A19,WT
SLC25A20,WT
SLC25A23,WT
SLC25A28,WT
SLC25A3,WT
SLC25A37,WT
SLC25A38,WT
SLC25A4,WT
SLC25A5,WT
SLC25A6,WT
SLC26A2,WT
SLC27A1,WT
SLC27A2,WT
SLC27A5,WT
SLC28A2,WT
SLC29A1,WT
SLC29A2,WT
SLC29A3,WT
SLC2A1,WT
SLC2A2,WT
SLC2A3,WT
SLC2A4,WT
SLC2A5,WT
SLC2A6,WT
SLC2A8,WT
SLC30A1,WT
SLC30A10,WT
SLC30A3,WT
SLC30A5,WT
SLC31A1,WT
SLC31A2,WT
SLC34A3,WT
SLC35A3,WT
SLC35B1,WT
SLC35B2,WT
SLC35D1,WT
SLC37A1,WT
SLC37A4,WT
SLC38A1,WT
SLC38A2,WT
SLC38A3,WT
SLC39A6,WT
SLC39A8,WT
SLC3A2,WT
SLC46A3,WT
SLC4A1,WT
SLC4A4,WT
SLC5A5,WT
SLC5A6,WT
SLC66A2,WT
SLC66A3,WT
SLC6A12,WT
SLC6A14,WT
SLC6A3,WT
SLC6A6,WT
SLC6A8,WT
SLC6A9,WT
SLC7A1,WT
SLC7A11,WT
SLC7A2,WT
SLC7A5,WT
SLCO1A2,WT
SLCO2A1,WT
SLIT1,N794H
SLIT2,WT
SLIT3,WT
SLN,WT
SLPI,WT
SMAD1,WT
SMAD2,WT
SMAD3,Q365K
SMAD5,WT
SMAD6,WT
SMAD7,WT
SMARCC1,WT
SMC1A,WT
SMC2,WT
SMC3,WT
SMC4,WT
SMC6,WT
SMOX,WT
SMPDL3A,WT
SMPX,WT
SMS,WT
SMTN,WT
SMURF1,WT
SMURF2,WT
SNAI2,WT
SNAP23,WT
SNAP25,WT
SNAP91,WT
SNAPC4,WT
SNAPC5,WT
SNCA,WT
SNCB,WT
SNCG,WT
SNN,WT
SNRPA,WT
SNRPA1,WT
SNRPB,P207R
SNRPB2,WT
SNRPD1,WT
SNRPD2,WT
SNRPD3,WT
SNRPG,WT
SNTB1,WT
SNX10,WT
SNX14,WT
SNX2,WT
SNX24,WT
SNX9,WT
SOAT2,WT
SOCS1,WT
SOCS2,WT
SOCS3,WT
SOCS5,WT
SOD1,WT
SOD2,WT
SOD3,WT
SORBS1,WT
SORBS2,WT
SORBS3,WT
SORD,WT
SOS1,WT
SOWAHC,WT
SOX10,WT
SOX3,WT
SOX9,WT
SP1,WT
SP110,WT
SPAG4,WT
SPAG5,WT
SPARC,WT
SPARCL1,WT
SPATA6,WT
SPC24,WT
SPC25,WT
SPCS1,WT
SPCS3,WT
SPDEF,WT
SPEG,WT
SPHK1,WT
SPHK2,WT
SPI1,WT
SPINT2,WT
SPOCK1,WT
SPOCK2,WT
SPON1,WT
SPOP,WT
SPP1,WT
SPPL2A,WT
SPR,WT
SPRED2,WT
SPRR3,WT
SPRY2,WT
SPRY4,WT
SPSB1,WT
SPTA1,WT
SPTAN1,WT
SPTB,WT
SPTBN1,WT
SPTBN2,WT
SQLE,WT
SQOR,WT
SQSTM1,WT
SRC,WT
SRD5A1,WT
SRD5A3,WT
SREBF2,WT
SRF,WT
SRGN,WT
SRI,WT
SRM,WT
SRP14,WT
SRP19,WT
SRP9,WT
SRPK1,WT
SRPRA,WT
SRPRB,WT
SRPX,WT
SRSF1,WT
SRSF10,WT
SRSF2,WT
SRSF3,WT
SRSF6,WT
SRSF7,WT
SRXN1,WT
SS18,WT
SSB,WT
SSBP1,WT
SSH2,WT
SSPN,WT
SSR1,WT
SSR3,WT
SSRP1,WT
SST,WT
SSTR4,WT
ST14,WT
ST3GAL4,WT
ST3GAL5,WT
ST3GAL6,WT
ST6GAL1,WT
ST6GALNAC2,WT
ST8SIA4,WT
STAB1,WT
STAG1,WT
STAG3,WT
STAM,WT
STAM2,WT
STARD3,WT
STARD4,WT
STARD7,WT
STAT1,WT
STAT2,WT
STAT3,WT
STAT4,WT
STAT5A,WT
STAU1,WT
STBD1,WT
STC1,WT
STC2,WT
STEAP3,WT
STEAP4,WT
STIL,WT
STIP1,WT
STK25,WT
STK38L,WT
STK39,WT
STMN1,WT
STOM,WT
STRBP,WT
STRN,WT
STS,WT
STX12,WT
STX16,WT
STX3,WT
STX4,WT
STX5,WT
STX7,WT
STXBP1,WT
SUCLA2,WT
SUCLG1,WT
SUCLG2,WT
SULF2,WT
SULT1A1,WT
SULT1B1,WT
SULT2B1,WT
SUN2,WT
SUPT4H1,WT
SUPT5H,WT
SUPV3L1,WT
SURF1,WT
SUV39H1,WT
SVIL,WT
SWAP70,WT
SYBU,WT
SYCP1,WT
SYK,WT
SYMPK,WT
SYNCRIP,WT
SYNE1,WT
SYNGR1,WT
SYNGR2,WT
SYNJ1,WT
SYNJ2,WT
SYNPO,WT
SYT11,WT
SYT12,WT
SYT13,WT
SYTL2,WT
TACC3,WT
TACR1,WT
TACR3,WT
TAF10,WT
TAF12,WT
TAF13,WT
TAF1C,WT
TAF6,WT
TAF9,WT
TAGLN,WT
TAL1,WT
TALDO1,WT
TANK,WT
TAOK2,WT
TAP1,WT
TAP2,WT
TAPBP,WT
TARBP2,WT
TARDBP,WT
TARP,WT
TARS1,WT
TAS2R4,WT
TAT,WT
TATDN2,WT
TAX1BP3,WT
TBC1D30,WT
TBCD,WT
TBK1,WT
TBRG4,WT
TCAP,WT
TCEA1,WT
TCF19,WT
TCF7,WT
TCF7L1,WT
TCF7L2,WT
TCHH,WT
TCIRG1,WT
TCL1A,WT
TCN2,WT
TCOF1,WT
TCP1,WT
TCP11,WT
TDO2,WT
TDRD7,WT
TEAD4,WT
TEKT2,WT
TENM2,WT
TENT4A,WT
TENT5A,WT
TENT5C,WT
TES,WT
TEX15,WT
TF,WT
TFAP2B,WT
TFAP2C,WT
TFB2M,WT
TFCP2L1,WT
TFDP1,WT
TFDP2,WT
TFF1,WT
TFF2,WT
TFF3,WT
TFPI,WT
TFPI2,WT
TFRC,WT
TG,WT
TGFA,WT
TGFB1,WT
TGFB2,WT
TGFB3,WT
TGFBI,WT
TGFBR1,WT
TGFBR2,WT
TGFBR3,WT
TGFBRAP1,WT
TGIF1,WT
TGIF2,WT
TGM1,WT
TGM2,WT
TH,WT
THBD,WT
THBS1,WT
THBS2,WT
THBS3,WT
THEG,WT
THEM4,WT
THNSL2,WT
THRB,WT
THSD4,WT
THY1,WT
TIAL1,WT
TIAM1,WT
TIMELESS,WT
TIMM10,WT
TIMM13,WT
TIMM17A,WT
TIMM50,WT
TIMM8B,WT
TIMM9,WT
TIMP1,WT
TIMP2,WT
TIMP3,WT
TIPARP,WT
TIPIN,WT
TJP1,WT
TJP3,WT
TK1,WT
TK2,WT
TKFC,WT
TKT,WT
TKTL1,WT
TLE1,WT
TLE3,WT
TLE4,WT
TLK1,WT
TLR1,WT
TLR2,WT
TLR3,WT
TLR6,WT
TLR7,R378T D548V
TLR8,WT
TLX1,WT
TM4SF1,WT
TM7SF2,WT
TM7SF3,WT
TMBIM6,WT
TMCC2,WT
TMED10,WT
TMED2,WT
TMEM100,WT
TMEM140,WT
TMEM158,WT
TMEM164,WT
TMEM176A,WT
TMEM176B,WT
TMEM45A,WT
TMEM50A,WT
TMEM8B,WT
TMEM97,WT
TMEM9B,WT
TMPO,WT
TMPRSS2,WT
TMPRSS3,WT
TMPRSS6,WT
TMX1,WT
TNC,WT
TNF,WT
TNFAIP2,WT
TNFAIP3,WT
TNFAIP6,WT
TNFAIP8,WT
TNFRSF11B,WT
TNFRSF12A,WT
TNFRSF18,WT
TNFRSF1A,WT
TNFRSF1B,WT
TNFRSF21,WT
TNFRSF4,WT
TNFRSF8,WT
TNFRSF9,WT
TNFSF10,WT
TNFSF11,WT
TNFSF15,WT
TNFSF9,WT
TNIP1,WT
TNIP2,WT
TNNC1,WT
TNNC2,WT
TNNI1,WT
TNNI2,WT
TNNI3,WT
TNNT1,WT
TNNT2,WT
TNNT3,WT
TNP1,WT
TNP2,WT
TNPO2,WT
TNRC6B,WT
TNS1,WT
TOB1,WT
TOGARAM1,WT
TOM1L1,WT
TOMM22,WT
TOMM40,WT
TOMM70,WT
TOP1,WT
TOP2A,WT
TOPBP1,WT
TOR1AIP2,WT
TOR1B,WT
TP53,P151H
TP53INP1,WT
TP53INP2,WT
TP63,WT
TPBG,WT
TPD52,WT
TPD52L1,WT
TPH1,WT
TPI1,WT
TPM1,WT
TPM2,WT
TPM3,WT
TPM4,WT
TPRKB,WT
TPSAB1,WT
TPST1,WT
TPST2,WT
TPX2,WT
TRA2B,WT
TRAF1,WT
TRAF2,WT
TRAF4,WT
TRAFD1,WT
TRAIP,WT
TRAK2,WT
TRAT1,WT
TRIAP1,WT
TRIB1,WT
TRIB2,WT
TRIB3,WT
TRIM10,WT
TRIM14,WT
TRIM21,WT
TRIM25,WT
TRIM26,WT
TRIM28,WT
TRIM29,WT
TRIM33,WT
TRIM5,WT
TRIM58,E205E
TRIO,WT
TRIP10,WT
TRIP13,WT
TRO,WT
TROAP,WT
TSC1,WT
TSC2,WT
TSC22D1,WT
TSG101,WT
TSHB,WT
TSKU,WT
TSN,WT
TSPAN1,WT
TSPAN13,WT
TSPAN4,WT
TSPAN5,WT
TSPAN7,WT
TSPAN8,WT
TSPO,WT
TSPO2,WT
TSPYL2,WT
TSSK2,WT
TST,WT
TTC39A,WT
TTC39B,WT
TTK,WT
TTPA,WT
TTR,WT
TUBA3C,WT
TUBA4A,WT
TUBB,WT
TUBB2A,WT
TUBB2B,WT
TUBD1,WT
TUBG1,WT
TUBGCP2,WT
TUBGCP3,WT
TUBGCP5,WT
TUBGCP6,WT
TUFM,WT
TULP2,WT
TWSG1,WT
TXN,WT
TXNIP,WT
TXNL4A,WT
TXNRD1,WT
TXNRD2,WT
TYK2,WT
TYMS,WT
TYR,WT
TYRO3,WT
U2AF1,WT
UAP1,WT
UBA2,WT
UBA7,WT
UBAC1,WT
UBC,WT
UBE2C,WT
UBE2D1,WT
UBE2D3,WT
UBE2E1,WT
UBE2I,WT
UBE2J1,WT
UBE2L3,WT
UBE2L6,F143F
UBE2N,WT
UBE2S,WT
UBE2T,WT
UBQLN1,WT
UBR7,WT
UCHL5,WT
UCK1,WT
UCK2,WT
UCP2,WT
UFM1,WT
UGCG,WT
UGDH,WT
UGP2,WT
UGT2B17,WT
UMPS,WT
UNC119,WT
UNC13B,WT
UNC5C,WT
UNG,WT
UPB1,WT
UPF1,WT
UPF3B,WT
UPK3B,WT
UPP1,WT
UQCR10,WT
UQCR11,WT
UQCRB,WT
UQCRC1,WT
UQCRC2,WT
UQCRFS1,WT
UQCRH,WT
UQCRQ,WT
UROD,WT
UROS,WT
USH1C,WT
USO1,WT
USP1,WT
USP11,WT
USP12,WT
USP14,WT
USP15,WT
USP16,WT
USP18,WT
USP8,WT
UTP20,Q1667H P2047S
UXT,WT
VAMP3,WT
VAMP4,WT
VAMP5,WT
VAMP7,WT
VAMP8,WT
VAPA,WT
VASP,WT
VAV2,WT
VAV3,WT
VBP1,WT
VCAM1,WT
VCAN,WT
VCL,WT
VCPIP1,WT
VDAC1,WT
VDAC2,WT
VDAC3,WT
VDR,WT
VEGFA,WT
VEGFB,WT
VEGFC,WT
VEZF1,WT
VHL,WT
VIM,WT
VIP,WT
VIPR1,WT
VLDLR,WT
VNN1,WT
VPREB1,WT
VPS28,WT
VPS37B,WT
VPS37D,WT
VPS45,WT
VPS4B,WT
VPS50,WT
VTN,WT
VWA5A,WT
VWF,WT
WARS1,WT
WAS,WT
WASF1,WT
WASF2,WT
WASL,WT
WDR1,WT
WDR33,WT
WDR37,WT
WDR43,WT
WDR74,WT
WDR90,WT
WEE1,WT
WFS1,WT
WIPF1,WT
WIPI1,WT
WIZ,WT
WLS,WT
WNK4,WT
WNT1,WT
WNT16,WT
WNT2,WT
WNT5A,WT
WNT5B,WT
WNT6,WT
WNT7A,WT
WRAP73,WT
WRN,WT
WSB1,WT
WWC1,WT
WWP1,WT
WWTR1,WT
XAF1,WT
XBP1,WT
XCL1,WT
XDH,R1223H
XIAP,WT
XIST,WT
XK,WT
XPC,WT
XPNPEP1,WT
XPO1,WT
XPO7,WT
XPOT,WT
XRCC3,WT
XRCC5,WT
XRCC6,WT
XYLT2,WT
YBX2,WT
YIF1A,WT
YIPF6,WT
YKT6,WT
YPEL1,WT
YPEL5,WT
YRDC,WT
YTHDC1,WT
YWHAB,WT
YWHAE,WT
YWHAG,WT
YWHAH,WT
YWHAQ,WT
YWHAZ,WT
ZAP70,WT
ZBP1,WT
ZBTB10,WT
ZBTB16,WT
ZBTB17,WT
ZC2HC1C,WT
ZC3H12A,WT
ZC3H14,WT
ZEB1,WT
ZFP36,WT
ZFP36L1,WT
ZFPM2,WT
ZMAT3,WT
ZMIZ1,WT
ZNF112,WT
ZNF185,WT
ZNF277,WT
ZNF292,WT
ZNF365,WT
ZNF639,WT
ZNF707,WT
ZNFX1,WT
ZNRF4,WT
ZPBP,WT
ZW10,WT
ZWINT,WT
ZYX,WT
